"gen_spp","species_id","n_obis_rec","BO_sstmean_NA","BO21_tempmax_bdmean_NA","BO21_tempmax_ss_NA","BO21_tempmean_bdmean_NA","BO21_tempmean_bdmin_NA","BO21_tempmax_bdmin_NA","BO21_templtmax_bdmin_NA","BO_sstmean_mean","BO21_tempmax_bdmean_mean","BO21_tempmax_ss_mean","BO21_tempmean_bdmean_mean","BO21_tempmean_bdmin_mean","BO21_tempmax_bdmin_mean","BO21_templtmax_bdmin_mean","BO_sstmean_min","BO21_tempmax_bdmean_min","BO21_tempmax_ss_min","BO21_tempmean_bdmean_min","BO21_tempmean_bdmin_min","BO21_tempmax_bdmin_min","BO21_templtmax_bdmin_min","BO_sstmean_max","BO21_tempmax_bdmean_max","BO21_tempmax_ss_max","BO21_tempmean_bdmean_max","BO21_tempmean_bdmin_max","BO21_tempmax_bdmin_max","BO21_templtmax_bdmin_max","BO_sstmean_median","BO21_tempmax_bdmean_median","BO21_tempmax_ss_median","BO21_tempmean_bdmean_median","BO21_tempmean_bdmin_median","BO21_tempmax_bdmin_median","BO21_templtmax_bdmin_median","BO_sstmean_sd","BO21_tempmax_bdmean_sd","BO21_tempmax_ss_sd","BO21_tempmean_bdmean_sd","BO21_tempmean_bdmin_sd","BO21_tempmax_bdmin_sd","BO21_templtmax_bdmin_sd","BO_sstmean_mad","BO21_tempmax_bdmean_mad","BO21_tempmax_ss_mad","BO21_tempmean_bdmean_mad","BO21_tempmean_bdmin_mad","BO21_tempmax_bdmin_mad","BO21_templtmax_bdmin_mad","BO_sstmean_q5","BO21_tempmax_bdmean_q5","BO21_tempmax_ss_q5","BO21_tempmean_bdmean_q5","BO21_tempmean_bdmin_q5","BO21_tempmax_bdmin_q5","BO21_templtmax_bdmin_q5","BO_sstmean_q95","BO21_tempmax_bdmean_q95","BO21_tempmax_ss_q95","BO21_tempmean_bdmean_q95","BO21_tempmean_bdmin_q95","BO21_tempmax_bdmin_q95","BO21_templtmax_bdmin_q95","scientificName","hasSebensData"
"Alcyonium digitatum",125333,46188,1840,1840,1840,1840,1840,1840,1840,11.3701550437878,15.3421502233283,16.3767823033459,10.7117141171143,11.2214857306097,16.4871509585839,15.4785424920235,5.94199991226196,2.11402797698975,12.8599939346313,2.1012818813324,2.2143919467926,2.22830104827881,2.21791005134583,15.5600004196167,24.2940578460693,25.9313068389893,19.4017181396484,19.5346450805664,24.4132137298584,23.0474452972412,11.3979997634888,15.1464471817017,16.2072467803955,10.6415958404541,10.9653797149658,16.462926864624,15.4184970855713,1.06831914651854,1.88897106747403,1.69385892305629,1.0623717833831,1.10505656620029,1.94172132822824,1.74712837120048,1.50187452392578,1.94215854892731,1.96934676933289,1.19362353286743,1.2634837846756,2.29325689716339,2.01752742347717,9.84000015258789,12.3421993255615,13.8293504714966,9.28845691680908,9.837965965271,13.4728403091431,12.7046594619751,12.8090000152588,18.7468719482422,19.6162872314453,12.3270225524902,12.9322862625122,20.2531585693359,18.4269485473633,"Alcyonium digitatum",TRUE
"Anomia simplex",156737,387,2,2,2,2,2,2,2,18.4508416336852,24.7197634684575,25.6537145986185,18.2857729967538,18.5675734903905,25.3635497799167,24.2533215956254,7.50400018692017,10.303318977356,15.1399936676025,3.69944405555725,6.12572193145752,10.4252033233643,8.71135997772217,27.6660003662109,31.0902976989746,31.2081298828125,27.1684875488281,27.1748199462891,31.0817737579346,30.5458240509033,24.9640007019043,29.3150444030762,29.42063331604,24.6561851501465,24.724588394165,29.4323902130127,28.5317821502686,8.7542557702604,6.9230188680111,5.72219727401444,8.82369708732791,8.62578641235167,6.24256058953399,6.70626477773877,2.38402050590515,2.47311993370056,2.37613084602356,2.68482297935486,2.58582330093384,2.30956078033447,2.80962665290832,7.68300008773804,10.7126541137695,15.4995176315308,6.51948156356812,7.21840658187866,13.4254156112671,11.9522686004639,26.682600402832,31.0161106109619,31.0638019561768,26.5747840881348,26.5606098175049,31.0237941741943,30.4434509277344,"Anomia simplex",TRUE
"Aplidium glabrum",103647,357,50,50,50,50,50,50,50,9.50508472944552,14.4398533779557,16.954569003481,8.65117279520252,9.1531079442571,16.4223903122476,15.0208235924718,-0.469999998807907,0.214067995548248,3.16254997253418,-1.13324105739594,-0.983319997787476,1.97085297107697,0.770846009254456,22.0839996337891,28.8794212341309,28.9198455810547,22.981409072876,23.1778259277344,29.050708770752,28.0682258605957,10.1999998092651,14.3668327331543,17.3493728637695,9.5113115310669,9.9923505783081,17.4392719268799,15.9658441543579,2.64245318647856,3.78763590040179,3.46684679701481,3.19954121612936,3.09641931731132,3.8616227642127,3.94325950955243,2.23576135425568,1.47718045406342,2.90322799415588,2.99393787403107,3.17945233898163,2.33999252758026,1.61029230709076,5.94430017471313,5.33258810043335,12.5523843765259,3.38967568874359,3.53803350925446,6.73408164978028,5.18571038246155,12.4501000404358,20.533842086792,21.4540958404541,12.4873867034912,12.8934276580811,20.9086597442627,19.4734563827515,"Aplidium glabrum",TRUE
"Balanus balanus",106213,5314,461,461,461,461,461,461,461,9.83731669488976,14.3062632502157,15.0640994436638,9.48099658983685,9.83524721968171,15.1672161724484,14.0349615325504,-0.676999986171722,-0.939280986785889,0.665058016777039,-1.57054901123047,-1.5667120218277,-0.870462000370026,-1.21068298816681,25.7280006408691,23.7331409454346,27.9471988677979,16.139778137207,20.402229309082,26.6752090454102,25.487491607666,10.5319995880127,14.7856941223145,14.9173641204834,10.3222227096558,10.6404848098755,15.3046369552612,14.4322023391724,2.59317182878357,3.36631571385385,2.55950825436548,2.76665805966836,2.81561612444627,3.32218409474944,3.40855808021586,1.26762232131958,1.349039935112,1.88356156425476,1.01597327728271,0.984434432601929,1.30261112480164,1.88261848125458,4.68900012969971,6.49046421051025,12.338059425354,2.62121391296387,2.62996101379395,6.49016904830933,5.40068912506104,12.2320003509521,19.8198150634765,19.4799938201904,11.9149150848389,12.3697700500488,20.3161563873291,18.5899486541748,"Balanus balanus",TRUE
"Boltenia echinata",103814,402,20,21,21,21,21,21,21,6.07677227819426,10.8842312300925,13.4934250282177,5.31944586821096,5.69759886444906,11.936201071176,10.4163536706309,-0.187000006437302,1.08502304553986,3.16254997253418,-1.20329797267914,-1.20329797267914,2.4087541103363,0.914772987365723,18.1100006103516,23.2186603546143,26.4419460296631,16.7835121154785,18.4518756866455,27.7603569030762,26.5566139221191,7.78900003433228,11.2740793228149,13.8699932098389,6.13321876525879,6.57947492599487,13.9623508453369,12.1685619354248,4.19722431364519,4.90655569010181,3.77889454258764,4.60248218186493,4.78034697470308,5.03905432612802,5.21080736665578,4.63312429304123,5.18771718864441,3.40997886886597,6.59749990503788,6.26989079217911,6.30725992584228,6.4129332950592,0.38035000115633,2.88771796226501,8.03354358673096,-0.584603011608124,-0.510667026042938,3.82112193107605,2.69441795349121,10.9139995574951,19.3691291809082,20.1584548950195,10.8970251083374,11.0792369842529,20.5284690856934,18.8851623535156,"Boltenia echinata",TRUE
"Boltenia ovifera",103815,1383,12,12,12,12,12,12,12,5.56767028591437,9.99958542356965,15.906277227693,4.12131025407526,4.61167570141998,11.9332329721464,10.1653019304718,-0.913999974727631,-0.94003701210022,-0.635218977928162,-1.57993900775909,-1.57537305355072,-0.870462000370026,-1.21068298816681,15.9200000762939,21.4964771270752,25.4718055725098,14.409499168396,14.1935949325562,21.4964771270752,20.0847606658936,4.88600015640259,8.44758129119873,15.7099123001099,3.3311619758606,3.97178196907043,11.022707939148,9.1198902130127,2.57972902514475,5.04502072958592,3.64879904154162,3.25231025295683,3.182910080674,5.01532297519921,4.91739787081048,1.31951380205154,4.79182451877594,2.53918098907471,2.69744572820663,2.73166854186058,6.66054772539139,6.51064842939377,1.1240000128746,3.97155344486237,9.34363269805908,-0.240685001015663,0.0481005012989044,4.88952302932739,3.30089199542999,10.3879995346069,20.533842086792,20.5891027450562,10.9603471755981,10.9603471755981,20.7174968719482,19.245361328125,"Boltenia ovifera",TRUE
"Boreolithothamnion glaciale",1736213,2806,122,122,122,122,122,122,122,8.58038523309099,14.2729439085624,16.4302887802863,7.96102008590233,8.48931876349994,15.6438354782527,14.3393287821916,1.17400002479553,0.297271013259888,7.68052101135254,-0.0197999998927116,0.0382010005414486,0.781536996364594,0.434174001216888,27.0160007476807,27.841423034668,29.9360828399658,24.610559463501,24.6533966064453,27.9698638916016,27.3420753479004,9.13500022888184,14.891065120697,15.4386177062988,9.61769771575928,9.96651744842529,15.4055490493774,14.3337459564209,2.5372703226666,3.91568574513388,2.82398133393245,3.17801326096588,2.85342783723155,3.25517422466778,3.19683146391273,2.49743931541443,1.53521399259567,2.18366626939774,2.16188981838226,1.77723920688629,1.3317576210022,1.67782242279053,4.46299982070923,6.0853328704834,13.4584348678589,2.11420106887817,2.95183396339417,9.33294486999512,7.63897180557251,11.1669998168945,19.8158912658691,20.4573059082031,11.0354719161987,11.1307134628296,20.2531585693359,18.4679374694824,"Lithothamnion glaciale",TRUE
"Botrylloides violaceus",148715,3042,271,271,271,271,271,271,271,13.4479747061177,19.4342865574794,19.9819090835285,13.2454951334434,13.4479155958624,19.947184435472,18.5564389293351,4.8769998550415,0.936272025108337,12.1309499740601,0.418610006570816,1.21602702140808,1.22514402866364,1.21998000144958,29.6909999847412,31.21413230896,31.0088653564453,29.0889110565186,29.1079902648926,31.1607685089111,30.7992267608643,11.6319999694824,18.9526748657227,19.8854274749756,11.5626392364502,11.6556186676025,19.6596755981445,18.0266914367676,5.56074103682771,4.5664295076177,4.24977586866939,5.40020783250046,5.33623269925741,4.41244282899184,4.41771798832469,4.633125,4.97084627437592,4.11254035606384,4.16304973239899,4.19151613426209,5.53834470233917,5.05649998512268,7.48099994659424,14.4321365356445,14.644645690918,7.28917694091797,7.45280694961548,14.7357482910156,13.3507461547852,26.1439990997314,29.0220985412598,29.2961139678955,25.6680583953857,25.5748405456543,29.4069042205811,28.7730903625488,"Botrylloides violaceus",TRUE
"Botryllus schlosseri",103862,14371,1581,1581,1581,1581,1581,1581,1581,11.5312654231655,16.3109790364684,16.789783556672,11.2407774033073,11.6451125818272,17.1709430297806,16.1107522546639,6.53900003433228,1.19101202487946,12.3372631072998,1.18545496463776,1.21602702140808,1.22514402866364,1.21998000144958,29.6459999084473,32.2535057067871,31.2081298828125,29.6877613067627,29.3147373199463,31.5141220092773,30.8053741455078,11.6829996109009,15.8636379241943,16.5860233306885,11.146372795105,11.7218160629272,16.9380798339844,16.0898246765137,2.14811296363039,2.5859179346773,2.66502512457497,1.98630652511354,2.04686539292965,2.45094987589594,2.36074776595954,1.31135973958969,2.0185878616333,1.99557069797516,1.41470014486313,1.41465136470795,1.8102810459137,1.60781653747559,8.15200042724609,12.994176864624,13.5911960601807,8.49371218681335,8.61016178131104,14.5372896194458,13.2178621292114,14.1269998550415,20.719539642334,21.2280712127686,12.9099426269531,13.0786723613739,21.0545139312744,19.6426582336426,"Botryllus schlosseri",TRUE
"Bugula simplex",834016,104,17,17,17,17,17,17,17,12.5753447214762,17.833298519425,19.4170547573046,11.5912673019472,12.6486348941408,19.607382873009,18.3098619943378,8.03400039672852,0.406078994274139,13.476634979248,0.117871001362801,6.35232496261597,10.5693216323853,8.8880672454834,25.0069999694824,27.2009220123291,30.4974384307861,22.9148654937744,22.9187965393066,27.205961227417,25.7583465576172,12.2659997940063,18.3160343170166,19.3929347991943,12.1192502975464,12.1448240280151,20.0155048370361,18.5429344177246,3.31496552469059,4.66021773362205,3.99852904401023,3.32389445189494,2.95806238332594,3.48102755915128,3.40662393193731,1.02151159229279,3.02565345840454,3.15401737632751,1.07473003463745,1.1773620672226,2.79338074035645,2.49326825866699,9.1319001197815,11.4602705955505,13.476634979248,6.8541615486145,9.85763692855835,14.4940757751465,13.1623935699463,20.2859992980957,22.9827131271362,27.109992980957,16.139778137207,20.402229309082,26.6752090454102,25.487491607666,"Bugulina simplex",FALSE
"Clathria prolifera",167563,323,6,6,6,6,6,6,6,13.7287380687822,22.8277254200508,23.8361417999027,14.2747022315907,14.4326325773441,23.2362441099028,21.8821532643556,7.53499984741211,0.950637996196747,15.0863370895386,0.933403015136719,0.948597013950348,0.969460010528564,0.959794998168945,28.1189994812012,30.2415561676025,30.8379611968994,25.542760848999,25.542760848999,30.3348388671875,29.2993698120117,12.0459995269775,22.2104301452637,22.4720420837402,14.1777477264404,13.756573677063,22.3649215698242,20.9000988006592,4.10773082126604,4.20655288928245,3.5439404689573,3.85802696779844,3.80976732320643,3.92016555243922,4.06093766725375,1.41143611621857,3.27844494781494,1.70094845809937,3.39635153160095,2.8223943283081,2.54722617988586,2.6989282207489,9.31400012969971,15.985718536377,17.7647521972656,10.2549390792847,10.3572597503662,16.3924343109131,14.9134557723999,24.4427993774414,28.1032943725586,29.1532974243164,23.8308391571045,23.8255977630615,28.0136974334717,26.994441986084,"Clathria (Clathria) prolifera",FALSE
"Clathromorphum circumscriptum",145104,156,18,18,18,18,18,18,18,7.25469570185827,11.5189634958903,13.5786813653034,6.39451499909594,6.71238840641319,12.5250917776771,11.2023266925328,0.538999974727631,1.11760699748993,4.86736297607422,-0.313906013965607,-0.313906013965607,1.11793601512909,1.11513996124268,24.6030006408691,20.870677947998,29.4883766174316,11.0474319458008,11.1307134628296,20.9734573364258,19.5527381896973,7.08599996566772,11.0844850540161,12.7676134109497,6.89953279495239,7.02557945251465,12.6268262863159,11.398097038269,3.4800391588577,4.8689447036973,4.45771803949957,2.39805599407723,2.31583433311975,4.62683886843843,4.40124621656525,2.16607854909897,5.84660877213478,3.85879305839539,1.64316129469872,1.52578952522278,4.54280748224258,4.13289935474396,4.22599983215332,3.03106093406677,8.7549877166748,2.4005836725235,2.70014581680298,3.15303492546082,2.90493652820587,10.2840003967285,20.533842086792,20.1892948150635,10.8970251083374,10.9842491149902,20.7508697509766,19.2892398834229,"Clathromorphum circumscriptum",TRUE
"Cliona celata",134121,15538,753,753,753,753,753,753,753,12.1583575162284,15.8997676388472,16.9847522481455,11.5294216766213,12.1753335897165,17.2122444180407,16.2479880883801,7.53499984741211,0.429286986589432,12.8599939346313,0.163862004876137,0.948597013950348,0.969460010528564,0.959794998168945,29.3999996185303,31.3642864227295,31.1657218933105,28.7744674682617,28.8774223327637,31.3482112884521,30.5695571899414,12.0880002975464,15.6680612564087,17.11350440979,11.4259281158447,12.1924161911011,17.2559127807617,16.2753772735596,1.71869339980006,2.33039680040523,2.26478496046455,1.44626524873246,1.62266490581068,2.17289181128034,2.06315621255329,0.778365848350525,1.67370792274475,1.16761876144409,0.843280216598511,0.88734495677948,1.297990442276,1.07946948623657,10.3319997787476,12.6146507263184,14.0899925231934,9.76879215240479,10.3902759552002,14.639310836792,13.6013107299805,12.9840002059937,18.8120845794677,21.5876159667968,12.7971305847168,13.0450620651245,19.5169254302978,18.3312759399414,"Cliona celata",TRUE
"Dendrodoa carnea",103881,229,3,3,3,3,3,3,3,7.16882301853821,13.4038917300975,18.07863227878,6.09996418404368,6.85694826229484,15.7146870330372,14.0237620805217,4.08199977874756,5.04199695587158,13.33620262146,1.15715897083282,1.86768305301666,5.49231481552124,4.5204381942749,23.3439998626709,27.9209156036377,28.8685665130615,23.9864444732666,23.680305480957,28.1640872955322,27.3639488220215,6.92799997329712,14.2002687454224,15.9845514297485,5.15258049964905,5.66589689254761,15.9394178390503,14.1045007705688,3.14343779111799,5.36254031886059,3.23580792425275,4.33147858305778,3.96835933330131,4.42071618659666,4.52639908854755,3.19722704987526,4.70994879570007,1.25214133815765,4.10265742592812,3.742500461483,4.35074869995117,4.33259682655334,4.30399990081787,5.86047601699829,15.1399936676025,1.94340053200722,2.90041208267212,9.31489610671997,7.63897180557251,14.5290002822876,23.5761637687683,25.6108322143555,16.7326664924622,16.0100390911102,23.6068449020386,22.16042137146,"Dendrodoa carnea",TRUE
"Didemnum albidum",103560,207,0,0,0,0,0,0,0,7.10281645216876,12.3851180082358,16.3308172559969,5.90022840095315,6.64386418314228,14.8279652958331,13.1898963474421,-0.259999990463257,1.35042798519135,3.0190761089325,-1.18161904811859,-0.966576993465424,1.49477696418762,0.876266002655029,17.5779991149902,26.734354019165,24.9999942779541,17.4464111328125,17.4464111328125,26.3482131958008,24.8877944946289,7.73699998855591,13.3704881668091,17.3493728637695,6.13254022598267,7.00561380386353,17.0327243804932,15.668249130249,3.2841261110473,4.86766002476407,4.86621571292635,3.40310926711169,3.4951097337876,5.47965045629094,5.5308198263348,2.52190291671753,2.77843280410767,3.45566537246704,2.45812675209045,2.53729977178574,3.91208361053467,3.71469789390564,-0.0240000002086163,3.41367101669312,3.17372107505798,-0.957804977893829,-0.957804977893829,3.41367101669312,0.944012999534607,10.728099822998,20.533842086792,20.5115112304687,11.0309578895569,11.1307134628296,20.7508697509766,19.2892398834229,"Didemnum albidum",TRUE
"Didemnum vexillum",250126,772,27,27,27,27,27,27,27,9.45502942872528,17.065951320469,16.8592577441427,9.6831350569757,9.7668929669681,17.2458409251783,15.7387953623829,8.03699970245361,10.7834367752075,14.3473224639893,6.90081882476807,8.49465370178223,14.6669292449951,13.2659482955933,17.2749996185303,23.92702293396,23.838041305542,17.624095916748,17.624095916748,23.92702293396,22.4932060241699,8.5019998550415,15.728214263916,15.1584692001343,8.49699306488037,8.50489330291748,15.7564401626587,14.1059112548828,1.77759850530523,2.53998047866893,2.59805423074192,1.72129394520824,1.73209466971841,2.51101269887784,2.56546468316101,0.530770505905151,0.233727639198303,0.0281510982513428,0.110159729576111,0.0117128929138184,0.0418477174758911,0.020264266204834,8.03699970245361,15.2845598220825,15.1394815444946,8.42269134521484,8.49465370178223,15.5115041732788,14.0922431945801,12.4840002059937,22.0747852325439,22.1970790863037,12.5647850036621,12.5772132873535,22.0747852325439,20.6510810852051,"Didemnum vexillum",TRUE
"Diplosoma listerianum",103579,3129,432,432,432,432,432,432,432,13.3389287791431,17.63909772444,18.3661979746721,12.8980260412252,13.5195525877114,18.6695952263858,17.6777359035044,1.94400000572205,0.936272025108337,10.2719812393188,0.418610006570816,0.945585012435913,1.18331503868103,1.17819797992706,29.6499996185303,31.3642864227295,31.2699928283691,29.0957832336426,29.1066474914551,31.3482112884521,30.5578117370605,11.8549995422363,15.7403450012207,16.8615169525146,11.2508449554443,11.8474426269531,16.9883308410645,16.1563758850098,5.08898916666862,5.14114728327893,5.14829887141195,4.80883488899617,4.98595086621765,5.00639693602869,5.02777319862268,1.73464069919586,2.00545539550781,3.15842879905701,1.48927227687836,1.61445912208557,2.52988589515686,2.6826031288147,8.76599979400635,12.994176864624,13.476634979248,8.62862873077393,9.5914701461792,14.5719661712646,13.2482233047485,25.4150009155273,30.1686813354492,30.2086353302002,24.0704013824463,24.8932914733887,30.2814853668213,29.6308834075928,"Diplosoma listerianum",TRUE
"Ectopleura crocea",117981,1568,50,50,50,50,50,50,50,12.5878585990867,16.8434295890477,18.4987082730326,11.750102793815,12.8046059654547,18.9097932073017,17.7014417466076,-1.35300004482269,-0.640832006931305,-1.21000599861145,-1.65193498134613,-1.68463099002838,-1.06828498840332,-1.36197304725647,28.8080005645752,31.3642864227295,31.0272102355957,24.7850780487061,27.9480152130127,31.3482112884521,30.4971008300781,12.7580003738403,15.5607042312622,17.5178394317627,11.563624382019,12.9322862625122,18.1636028289795,17.0034694671631,2.7898806967074,3.93135543675945,3.41561648088762,2.731824873943,2.74676725709635,3.36360860063204,3.31891738460968,0,0,0,0,0,0,0,10.4247502803803,15.5607042312622,17.5178394317627,10.83997631073,10.955192565918,17.0942249298096,16.1575298309326,12.7580003738403,22.5004081726074,22.5001735687256,12.2732512950897,12.9322862625122,22.76393699646,21.2475719451904,"Ectopleura crocea",TRUE
"Edwardsiella lineata",283549,111,0,0,0,0,0,0,0,17.4851081446484,23.2138188948502,23.5570116488951,17.3269139012775,17.6890262666049,23.8918301361101,22.7122282047529,-1.47200000286102,1.17768394947052,-0.0200059991329908,1.01706397533417,1.28366100788116,1.39587604999542,1.33095705509186,29.5090007781982,31.21413230896,30.9043521881104,28.6367301940918,28.6275749206543,31.1607685089111,30.7992267608643,14.6920003890991,22.3073806762695,22.4949016571045,14.4253454208374,14.6425580978394,23.3041152954102,21.8417224884033,6.60253587810099,4.29832852572394,4.41302300197563,6.10117589124841,6.0762796499162,4.23450591844649,4.42203195703257,6.72062578868866,2.95347014007568,3.46401596946716,5.2310876953125,5.45924591331482,3.78544184417725,3.78431071014404,10.1590003967285,18.26784324646,18.6035671234131,10.8970251083374,10.9842491149902,19.1042957305908,18.0134868621826,26.1439990997314,29.0220985412598,29.2961139678955,25.6680583953857,25.5748405456543,29.4069042205811,28.7730903625488,"Edwardsiella lineata",TRUE
"Gersemia rubiformis",156103,4103,5,5,5,5,5,5,5,4.97345364525432,7.30858703900341,14.5120614114522,2.7301580243193,2.97831177953402,8.55259609306272,6.9576679090467,-0.971000015735626,-1.11616694927216,0.433845013380051,-1.57054901123047,-1.57418704032898,-0.987644016742706,-1.27809703350067,17.2600002288818,24.1002254486084,26.3399925231934,20.208927154541,20.9067764282227,25.1170845031738,23.585657119751,4.8675000667572,7.10329437255859,15.3299932479858,2.46654295921326,2.88846302032471,8.62660360336304,6.74370908737183,2.18487687447421,4.40886661037153,3.96370911894109,2.18074547751388,2.36185688648007,5.04585818747211,4.69795835815238,1.68719881696701,4.2298198674202,4.37045022697449,1.91052656242847,2.15907470855713,5.68162686424255,4.84407548804283,1.04889995157719,-0.0433596506714811,8.30467777252197,-0.741351330280304,-0.386723011732101,1.29209303855896,0.126856997609138,8.57099990844726,15.4554748535156,20.4612107276916,6.49392709732054,7.1869158744812,16.9066429138184,15.2630138397217,"Gersemia rubiformis",FALSE
"Halichondria panicea",165853,15132,2195,2195,2195,2195,2195,2195,2195,11.0687493212585,15.5530770344247,16.2024027819914,10.7321872183761,11.1213136784404,16.4127689250527,15.3583039930232,-1.5349999666214,-1.30763494968414,-0.970062017440796,-1.67062497138977,-1.63498997688293,-0.368317008018494,-0.981436014175415,29.5669994354248,30.9831409454346,30.9376258850098,28.4190521240234,28.4739151000977,30.9831409454346,30.3088207244873,11.0799999237061,15.5484237670898,16.4177703857422,10.9564189910889,11.1263971328735,16.538911819458,15.6429109573364,2.43256815563077,3.5670311958438,2.94025186021499,2.55955139884457,2.58743291550322,3.43005296049893,3.35606594942173,1.57896837787628,2.25604965705872,2.32775507125854,1.40253126354218,1.52902032680511,2.31688487319946,2.01897386112213,6.09640007019043,7.98520078659058,12.8599939346313,4.90673418045044,5.26158714294434,9.73928413391113,8.13328056335449,12.8970003128052,19.914571762085,19.6162872314453,12.7971305847168,12.938943862915,20.2531585693359,18.4679374694824,"Halichondria (Halichondria) panicea",TRUE
"Haliclona oculata",132833,3447,644,645,645,645,645,645,645,11.6048512163649,16.7383968228531,17.3224691306583,11.2174487259082,11.5909019271756,17.5101814915843,16.4365458064723,0.628000020980835,2.11402797698975,5.88910293579102,-0.146870002150536,-0.146870002150536,2.16993188858032,2.02188491821289,29.0470008850098,29.1011924743652,31.0276508331299,23.7928981781006,23.7530288696289,29.3069267272949,28.1925678253174,11.8999996185303,16.845477104187,17.3083362579346,11.5247020721436,11.9828310012817,17.7073936462402,16.6169166564941,1.74420546957714,2.2071026306326,1.87730749417787,1.89776082259119,1.80862271120095,1.94551340260344,1.87425154534817,0.910316875076294,1.69233133764267,1.21938228263855,1.12567772541046,0.96907363243103,1.31901256828308,1.12442358055115,8.06400012969971,13.2743539810181,14.510570526123,6.97904059886932,8.47981896400452,14.8902086257935,13.6998434066772,12.8290004730225,19.3691291809082,20.3468022346497,12.6678218841553,12.9368677139282,20.0155048370361,18.2411376953125,"Haliclona (Haliclona) oculata",TRUE
"Halocynthia pyriformis",103828,883,2,2,2,2,2,2,2,5.86902381284807,9.61001971536543,17.2633564328768,3.57920918725304,4.1583168376808,11.7339148801518,9.87084917096626,-0.460999995470047,1.33601701259613,3.16254997253418,-0.966576993465424,-0.966576993465424,1.4518209695816,0.829949975013733,23.1849994659424,25.3708438873291,26.1214618682861,23.3377895355225,23.8207740783691,26.3016471862793,25.9965362548828,6.03800010681152,8.76138782501221,16.7529258728027,2.70125889778137,3.46657800674438,10.4430990219116,8.7312479019165,1.67939005557893,3.92510574523793,2.5958766306228,2.19165871643421,2.29836693923296,4.22026221551192,4.30690234116879,1.90662397327423,4.07092734889984,2.40346469993591,1.16005129802227,2.33789710178375,5.48974906339645,6.14484321784973,4.24900007247925,5.14209318161011,13.9972581863403,1.6722069978714,1.65404403209686,5.26018905639648,3.42251205444336,8.04500007629395,15.926552772522,20.5482769012451,7.99811887741089,8.53689670562744,17.5205211639404,16.0240955352783,"Halocynthia pyriformis",TRUE
"Hymedesmia paupertas",133621,3179,43,43,43,43,43,43,43,10.890789587887,13.0512992715349,14.6937422877064,9.96481693604467,10.2387644318598,13.8173999816027,12.9336740205787,7.15999984741211,2.11402797698975,13.2312479019165,2.1012818813324,2.21763801574707,2.24192595481873,2.22405099868774,18.8999996185303,24.7915554046631,26.9265937805176,18.3380966186523,19.5812511444092,27.3334999084473,25.7769813537598,10.6260004043579,12.632212638855,14.2324495315552,9.80621385574341,10.0440073013306,13.7139291763306,12.6874980926514,0.671732871178307,1.68436553187502,1.14231822720299,0.757635122206881,0.834392289233221,1.68263110359494,1.60423405275733,0.0993347768783569,1.10815928707123,0.151297660446167,0.355123064517975,0.448648761177063,1.0611253200531,0.85670536365509,10.2049999237061,10.6399993896484,13.8800582885742,9.21958923339844,9.3277063369751,11.0281381607056,10.5379168987274,12.4692499637604,17.1104803085327,17.8300671577454,12.0243306159973,12.4207239151001,17.7007598876953,16.7805852890015,"Hymedesmia (Hymedesmia) paupertas",TRUE
"Isodictya deichmannae",157402,80,0,0,0,0,0,0,0,9.72460014820099,17.8710032701492,20.2408968091011,9.26040968298912,10.1326514601707,19.603864133358,18.0157829999924,7.76999998092651,10.4582767486572,15.1528282165527,5.58474111557007,6.18382692337036,10.4603452682495,8.73108196258545,11.7519998550415,22.5004081726074,22.3945960998535,11.9986162185669,12.3139591217041,22.7443351745605,21.2341232299805,10.3630003929138,19.3691291809082,20.6004629135132,10.4823713302612,10.9842491149902,20.7508697509766,19.2892398834229,1.32616200960365,3.36179569733042,1.74849048840777,2.14814891615522,1.62093469982868,2.76838301854116,2.79556034442689,0.62417460565567,3.08428013534546,1.11447667064667,1.13264692497253,0.885323054695129,1.52573014068604,1.72682597694397,7.76999998092651,11.4613450527191,15.4734956264496,5.58474111557007,7.49994685649872,13.2753628253937,11.8821631908417,11.576000213623,21.7799606323242,22.3945960998535,11.5813913345337,12.3139591217041,22.7443351745605,21.2341232299805,"Isodictya deichmannae",TRUE
"Leucosolenia botryoides",132216,1234,126,126,126,126,126,126,126,10.7014061186718,15.4180960147389,15.6239212049904,10.5927282703052,10.9570548302,16.2445696517018,15.1576882437248,7.50400018692017,2.11402797698975,13.029673576355,2.1012818813324,2.21763801574707,2.24192595481873,2.22405099868774,21.8209991455078,28.9430484771729,28.9399929046631,22.8877716064453,23.1842136383057,29.218578338623,28.2859172821045,10.6149997711182,14.9548707008362,15.4399938583374,10.493842124939,10.6845893859863,15.9745264053345,15.0689163208008,1.30305240638383,1.98549110501679,1.96012099979313,1.2352434781589,1.22273177003786,1.84280207310311,1.76835638345098,1.15049763393402,1.32170820207596,2.07490843906403,0.88396003818512,1.00357180652618,1.60488548641205,1.55753762969971,8.50800037384033,12.369279384613,13.2391406536102,8.51448440551758,9.6153383731842,14.4889350414276,12.9034910202026,12.4662000656128,19.2124814987182,19.6139430999756,12.3520574569702,12.813793182373,19.7130178451538,18.1028423309326,"Leucosolenia botryoides",TRUE
"Metridium senile",100982,11332,1132,1132,1132,1132,1132,1132,1132,11.1212135182876,15.5550825943243,16.2878684715196,10.7200366035148,11.1621073045611,16.5757883271677,15.5175139082355,1.12800002098083,-0.819666981697083,6.71999406814575,-0.847196996212006,-0.847196996212006,-0.819666981697083,-0.839890003204346,29.1800003051758,30.9613056182861,31.3255500793457,28.9050731658936,28.9050731658936,30.9613056182861,30.0130996704102,11.0480003356934,15.1465034484863,16.0697441101074,10.7707014083862,10.9603471755981,16.1342964172363,15.3049631118774,1.81181074938258,2.62225192650059,2.31207831377624,1.78037972038519,1.70415124619592,2.27183140462932,2.17957072378813,1.3639921131134,1.94207512779236,2.31192343654633,1.17558760070801,1.22314118242264,1.98965628089905,2.01752883739471,9.07999992370605,11.85426902771,13.5231685638428,8.9016923904419,9.71790313720703,14.3566312789917,12.9120435714722,12.951000213623,19.8262265205383,19.7405395507812,12.5733766555786,12.9603881835938,20.2540019035339,18.5263996124268,"Metridium senile",TRUE
"Modiolus modiolus",140467,9065,733,733,733,733,733,733,733,10.4810757284418,15.7838209092445,16.34864697786,10.2598313600472,10.5550159615926,16.5094526179754,15.3498816265833,0.50900000333786,1.79657697677612,9.54266929626465,-0.137530997395515,0.454236000776291,1.88943195343018,1.85351395606995,28.746000289917,31.0671310424805,31.2405948638916,28.2033061981201,28.2104072570801,31.0339279174805,30.4555149078369,10.3489999771118,15.0491018295288,15.4024753570557,10.3212947845459,10.6287393569946,15.4055490493774,14.6141510009766,2.03298041364586,3.25173992454176,2.98010830944634,2.08452876143581,2.02097859523036,3.03683632809565,2.88209643435783,1.32544447917938,1.86796746768951,2.5083024438858,0.808531779098511,0.871330926704407,1.28728143081665,2.0861702922821,7.99599981307983,10.9476022720337,13.2135060787201,7.1190447807312,7.87100446224213,12.6822805404663,11.6540422439575,12.3520002365112,21.2296786308289,22.3256168365479,12.2165256977081,12.3622398376465,22.2686500549316,20.8160533905029,"Modiolus modiolus",TRUE
"Molgula citrina",103775,387,20,20,20,20,20,20,20,9.61970577902625,12.9697486309979,16.6503866053407,8.5134856449161,8.71518254539947,13.9567213066592,12.9845967703684,-0.65499997138977,-0.915023028850555,-0.604658007621765,-0.921032011508942,-0.926741003990173,-0.902131021022797,-0.919804990291595,25.6219997406006,30.2415561676025,30.8221302032471,25.0520668029785,25.0303268432617,30.3348388671875,29.2993698120117,10.1040000915527,13.3704881668091,15.9660787582397,8.05816173553467,8.20783710479736,15.036187171936,14.1030902862549,2.16117262216157,4.91061236458311,2.57344421403237,2.62123284625736,2.6828640931044,5.34778118594351,4.8915688021796,0.426988958358765,6.72804461402893,2.05087184085846,2.8549264500618,1.78241626596451,8.06112707576752,7.26154680862427,5.29400014877319,5.85280084609985,14.1070707321167,4.08117895126343,2.95223903656006,5.76393332481384,4.87500576972961,12.3472002983093,20.6895542144775,20.1892948150635,11.478385925293,12.0433175086975,20.7508697509766,19.2892398834229,"Molgula citrina",TRUE
"Molgula manhattensis",103788,3026,264,264,264,264,264,264,264,12.5370727464136,18.6798316182044,19.0329171787734,12.2703597300904,12.4625378039589,19.0554159306081,17.9303581032263,4.72300004959106,1.17718398571014,12.7865915298462,1.17009603977203,1.17466497421265,1.18331503868103,1.17819797992706,28.7350006103516,31.1996898651123,30.9199924468994,27.5800647735596,27.610279083252,31.1309757232666,30.2595806121826,11.9095001220703,17.6567058563232,17.8018207550049,11.6358327865601,12.0442352294922,18.1726684570312,17.0489807128906,2.57809060116426,4.32069874655345,3.87979533071404,2.68296090329952,2.63467369774745,4.08788198892765,3.98220326541548,1.15123852672577,3.3165033662796,2.18811657485962,1.28943765506744,0.94250400094986,3.25656315994263,2.52610649356842,9.85400009155273,14.2813768386841,15.0863370895386,9.9497193813324,10.1498126029968,14.8871868133545,13.9736423492432,16.4260005950928,27.8184394836426,28.0418695449829,16.6800079345703,16.7070293426514,27.8161697387695,26.6584053039551,"Molgula manhattensis",FALSE
"Mytilus edulis",140480,130001,8429,8429,8429,8429,8429,8429,8429,9.9840857828121,17.6659903681417,18.4052589997819,9.44078826008531,10.0133993612329,19.3869753147433,17.5136118976968,-1.19700002670288,-0.915023028850555,-0.604658007621765,-1.20244705677032,-1.20244705677032,-0.902131021022797,-0.919804990291595,29.117000579834,31.3118190765381,31.359992980957,28.8414440155029,28.8682327270508,31.3118190765381,30.5129642486572,9.86400032043457,18.7951240539551,18.8574752807617,9.87708044052124,9.96675968170166,20.3899536132812,18.0945835113525,1.68719158193984,3.25536587884162,1.74215460214616,2.21393184237784,1.72255533176761,2.25650082727713,1.93578542142037,1.69905946426392,2.69782253723145,0.938569775390625,2.16066890058517,1.71757330055237,0.75890892906189,0.866349695205688,7.96199989318848,11.8775099754333,14.3473224639893,5.94073915481567,7.38765907287598,14.9483375549316,13.9921426773071,12.5329999923706,20.8240299224854,20.109992980957,12.3520574569702,12.4700880050659,20.9270725250244,19.027006149292,"Mytilus edulis",TRUE
"Myxicola infundibulum",130932,2887,207,207,207,207,207,207,207,11.9029081506821,16.4243655504353,17.2512312686265,11.6896424524264,12.0589400849013,17.3052925599155,16.2780865796355,0.105999998748302,0.406078994274139,5.81087779998779,-0.26850301027298,-0.266678988933563,0.920773029327393,0.362632006406784,22.4360008239746,28.3585472106934,29.474292755127,19.8850002288818,22.7987003326416,30.1913776397705,29.5871028900146,11.9680004119873,16.6107501983643,17.2466220855713,11.9149150848389,12.2925071716309,17.4703998565674,16.5296840667725,2.01086265261538,2.99683694795722,2.95936553606652,2.17126770518082,2.08289324170166,2.91104853408684,2.76202420717902,1.32544447917938,2.1846241985321,1.36497902755737,1.43965649642944,0.958407038497925,1.0292556186676,0.963010047054291,8.96399974822998,12.4695773124695,13.7645965576172,9.21958923339844,9.76585483551025,14.4236068725586,13.1130738735199,15.8972503185272,21.9634370803833,25.2318929672241,15.5936910629272,15.6393928527832,23.5269088745117,22.1842403411865,"Myxicola infundibulum",TRUE
"Spirorbis spirorbis",334842,2845,337,337,337,337,337,337,337,10.9412303955622,16.9950764515813,17.0812632564152,10.9613438079897,11.2293949504123,17.5782495700001,16.4006549270818,-0.368999987840652,0.0523409992456436,3.23609399795532,-1.33906304836273,-1.21357095241547,0.927999019622803,-0.0346739999949932,29.3999996185303,29.8910942077637,30.8376731872559,28.382287979126,28.8774223327637,30.8454113006592,30.2367324829102,10.8030004501343,16.7810039520264,17.5599937438965,10.6737670898438,10.8264932632446,18.0842590332031,16.958532333374,2.52669362953229,2.8086672358255,2.92746106302738,2.42877136645422,2.38775277751154,2.79083677911216,2.62882372280614,1.6041735789299,2.87736390752792,3.60004332046509,1.29801872062683,1.19834531049728,3.41842278442383,2.72131619110107,7.72700023651123,13.8051168441772,13.7504358291626,7.84076976776123,8.11964797973633,14.5668878078461,13.3747899532318,12.878999710083,20.9966583251953,20.3881565093994,12.9099426269531,12.938943862915,20.9058609008789,19.0548583030701,"Spirorbis (Spirorbis) spirorbis",FALSE
"Styela clava",103929,3718,408,408,408,408,408,408,408,12.9394875877934,18.6500291378837,19.2106251128851,12.5929818498224,12.8591170957441,19.0747036297516,17.9740962395135,5.11100006103516,0.936272025108337,9.33526802062988,0.418610006570816,1.21523404121399,1.22487199306488,1.21960699558258,29.0179996490479,30.1663246154785,29.9631195068359,28.8049468994141,28.8049468994141,30.1663246154785,29.7305297851562,12.5150003433228,18.1501922607422,18.3638343811035,12.3644886016846,12.6101560592651,18.374927520752,17.4013023376465,2.35731754921304,3.21113295610384,2.88289128357398,2.23750283644333,2.15769644271896,3.04953552279073,2.94718048707919,0.880665610313416,2.22956415367126,1.78237031364441,0.449721924591064,0.487460797691345,1.57686305465698,1.34183885307312,10.1590003967285,15.0807523727417,16.5800704956055,10.3572597503662,10.6626272201538,15.5158090591431,14.573281288147,17.9029998779297,26.3408718109131,26.1519985198975,18.1078681945801,18.1078681945801,26.3408718109131,25.2364349365234,"Styela clava",TRUE
"Sycon ciliatum",132251,8092,772,772,772,772,772,772,772,11.5689251223182,15.8754445429382,16.3717895705517,11.1809837477653,11.6173672863651,16.7735106412016,15.794839919672,-0.676999986171722,2.11402797698975,2.0833899974823,-0.0370020009577274,0.0282450001686811,1.89816200733185,1.26029300689697,29.3999996185303,29.8910942077637,30.8376731872559,28.382287979126,28.8774223327637,30.8454113006592,30.2367324829102,11.6269998550415,15.6965456008911,16.3793811798096,11.0758724212646,11.6349048614502,16.8211240768433,15.947208404541,1.14935615763427,1.92399143500983,1.98236194909107,1.13741947334376,1.17152101693924,1.76487738068691,1.65457611844185,1.20238840770721,1.72995992517471,1.86952843265533,0.995024674987793,1.26272451095581,1.94260817470551,1.55566843070984,9.91590032577515,12.994176864624,13.8699932098389,9.70545673370361,10.0270481109619,14.531102180481,13.2565050125122,12.9219999313354,18.5722522735596,18.5726089477539,12.6219805240631,12.9910087585449,18.9285011291504,17.7621355056763,"Sycon ciliatum",TRUE
"Terebratulina septentrionalis",104056,290,2,2,2,2,2,2,2,6.14810414689904,8.87375729599363,17.2474184441898,5.87330767901666,5.59373419950458,9.44964666619328,7.87992113569655,0.0729999989271164,0.00302399997599423,3.99327111244202,-0.136985003948212,-0.169137001037598,-0.0306139998137951,-0.115180000662804,10.5690002441406,21.3688831329346,21.1997337341309,11.4847421646118,11.3549060821533,21.3688831329346,19.9528789520264,5.64300012588501,7.54198098182678,17.6913223266602,5.97459745407104,5.76977872848511,7.68349146842957,6.26220059394836,1.55263386954701,3.59283023761747,2.30714226432475,2.08968425842286,2.5293697995961,4.5639956098082,4.47081821350411,0.656050669670105,1.36451278824806,1.39148008403778,1.07919200491905,2.41744233527184,2.33751357665062,2.28998120369911,4.86199998855591,5.30152933597565,15.1626512050629,2.74689157009125,1.70362075567245,5.01433086395264,3.40841166973114,9.18235001564025,14.723593711853,19.6451098442078,10.5282316207886,10.3416185379028,19.3275049209595,17.4172307014465,"Terebratulina septentrionalis",TRUE
"Urticina felina",100834,18858,1990,1990,1990,1990,1990,1990,1990,11.3031849600083,15.7758718203362,16.200867542645,10.9700165255278,11.3446490069207,16.5900546840958,15.5772070607671,2.56399989128113,2.10150790214539,9.81642055511475,1.79327797889709,1.92666494846344,2.13337302207947,2.11671495437622,26.6229991912842,24.3654098510742,28.8642711639404,15.0422220230103,15.6405630111694,24.3654098510742,22.584924697876,11.3629999160767,15.6762962341309,16.1608448028564,11.0078029632568,11.2497019767761,16.5650663375854,15.6594247817993,1.07279881794102,1.97255177987693,1.64730609556095,1.09308956891336,1.06766473748044,1.70243160826883,1.62780096404311,1.44701735115051,2.07200001068115,2.01759670543671,1.24201344680786,1.34122450590134,2.15869719257355,1.94582342319489,9.7829999923706,12.3140816688538,13.612322807312,9.30278205871582,9.91964244842529,14.4577987670898,12.9992618560791,12.7019996643066,18.818546295166,18.5921897888184,12.5610275268555,12.8979759216309,19.1698532104492,17.8681907653809,"Urticina felina",TRUE
"Phymatolithon rugulosum",157333,37,0,0,0,0,0,0,0,9.85762171970831,13.2021624848649,16.7990704356013,8.32983919575408,8.76192532842224,14.7697211858389,13.4674188575229,0.538999974727631,3.03106093406677,4.86736297607422,-0.313906013965607,-0.313906013965607,3.15303492546082,2.00818991661072,24.6030006408691,20.870677947998,28.7684173583984,11.0474319458008,11.1307134628296,20.9734573364258,19.5527381896973,10.1590003967285,12.7893705368042,16.7059898376465,10.3618211746216,10.3636655807495,13.5754165649414,12.8041887283325,4.4765056257877,5.8087812796776,4.62919994448083,2.89873425584231,2.68242254131903,5.06497700524119,4.94464960482371,4.03118990335464,7.87851467657089,5.11862469406128,1.01648652935028,1.13722518997192,3.84084620304108,3.22282425956726,6.37739992141724,5.23910822868347,12.7287130355835,2.78872609138489,2.93121910095215,6.01433997154236,3.06318593025208,15.251000213623,20.870677947998,21.9051193237304,11.0474319458008,11.1307134628296,20.9734573364258,19.5527381896973,"Phymatolithon rugulosum",TRUE
